{
  "best_model": "random_forest",
  "comparison": [
    {
      "model": "random_forest",
      "accuracy": 0.77,
      "precision": 0.8357142857142857,
      "recall": 0.8357142857142857,
      "f1_score": 0.8357142857142857,
      "roc_auc": 0.8211904761904761
    },
    {
      "model": "logistic_regression",
      "accuracy": 0.73,
      "precision": 0.7621951219512195,
      "recall": 0.8928571428571429,
      "f1_score": 0.8223684210526315,
      "roc_auc": 0.7902380952380952
    },
    {
      "model": "decision_tree",
      "accuracy": 0.755,
      "precision": 0.7861635220125787,
      "recall": 0.8928571428571429,
      "f1_score": 0.8361204013377926,
      "roc_auc": 0.7354761904761905
    }
  ],
  "full_results": {
    "logistic_regression": {
      "model": "logistic_regression",
      "accuracy": 0.73,
      "precision": 0.7621951219512195,
      "recall": 0.8928571428571429,
      "f1_score": 0.8223684210526315,
      "roc_auc": 0.7902380952380952,
      "confusion_matrix": [
        [
          21,
          39
        ],
        [
          15,
          125
        ]
      ]
    },
    "decision_tree": {
      "model": "decision_tree",
      "accuracy": 0.755,
      "precision": 0.7861635220125787,
      "recall": 0.8928571428571429,
      "f1_score": 0.8361204013377926,
      "roc_auc": 0.7354761904761905,
      "confusion_matrix": [
        [
          26,
          34
        ],
        [
          15,
          125
        ]
      ]
    },
    "random_forest": {
      "model": "random_forest",
      "accuracy": 0.77,
      "precision": 0.8357142857142857,
      "recall": 0.8357142857142857,
      "f1_score": 0.8357142857142857,
      "roc_auc": 0.8211904761904761,
      "confusion_matrix": [
        [
          37,
          23
        ],
        [
          23,
          117
        ]
      ]
    }
  }
}