{
  "best_model": "random_forest",
  "comparison": [
    {
      "model": "random_forest",
      "accuracy": 0.755,
      "precision": 0.5753424657534246,
      "recall": 0.7,
      "f1_score": 0.631578947368421,
      "roc_auc": 0.8232142857142857
    },
    {
      "model": "logistic_regression",
      "accuracy": 0.7,
      "precision": 0.5,
      "recall": 0.7333333333333333,
      "f1_score": 0.5945945945945946,
      "roc_auc": 0.7964285714285715
    },
    {
      "model": "decision_tree",
      "accuracy": 0.75,
      "precision": 0.5925925925925926,
      "recall": 0.5333333333333333,
      "f1_score": 0.5614035087719298,
      "roc_auc": 0.7622023809523809
    }
  ],
  "full_results": {
    "logistic_regression": {
      "model": "logistic_regression",
      "accuracy": 0.7,
      "precision": 0.5,
      "recall": 0.7333333333333333,
      "f1_score": 0.5945945945945946,
      "roc_auc": 0.7964285714285715,
      "confusion_matrix": [
        [
          96,
          44
        ],
        [
          16,
          44
        ]
      ]
    },
    "decision_tree": {
      "model": "decision_tree",
      "accuracy": 0.75,
      "precision": 0.5925925925925926,
      "recall": 0.5333333333333333,
      "f1_score": 0.5614035087719298,
      "roc_auc": 0.7622023809523809,
      "confusion_matrix": [
        [
          118,
          22
        ],
        [
          28,
          32
        ]
      ]
    },
    "random_forest": {
      "model": "random_forest",
      "accuracy": 0.755,
      "precision": 0.5753424657534246,
      "recall": 0.7,
      "f1_score": 0.631578947368421,
      "roc_auc": 0.8232142857142857,
      "confusion_matrix": [
        [
          109,
          31
        ],
        [
          18,
          42
        ]
      ]
    }
  }
}